country,province,area,zone,munic,code,price_raw
ES,01,01,001,059,1059,287.5
ES,01,02,001,001,1001,175.0
ES,01,02,001,021,1021,600.0
ES,01,04,001,031,1031,250.0
ES,01,05,001,901,1901,200.0
ES,01,06,001,002,1002,260.0
ES,01,06,001,036,1036,225.0
ES,02,01,001,003,2003,175.0
ES,02,01,003,029,2029,125.0
ES,02,01,003,039,2039,150.0
ES,02,02,001,069,2069,155.0
ES,02,02,003,081,2081,180.0
ES,02,05,001,037,2037,175.0
ES,03,01,001,137,3137,300.0
ES,03,01,002,063,3063,200.0
ES,03,01,003,138,3138,130.0
ES,03,01,004,082,3082,250.0
ES,03,01,006,047,3047,250.0
ES,03,01,007,026,3026,200.0
ES,03,01,007,030,3030,250.0
ES,03,01,007,110,3110,275.0
ES,03,01,009,095,3095,200.0
ES,03,01,010,041,3041,350.0
ES,03,01,012,071,3071,190.0
ES,03,02,001,098,3098,180.0
ES,03,02,001,127,3127,400.0
ES,03,02,002,018,3018,250.0
ES,03,02,003,031,3031,300.0
ES,03,02,004,069,3069,250.0
ES,03,02,005,139,3139,225.0
ES,03,02,006,011,3011,250.0
ES,03,02,007,094,3094,250.0
ES,03,03,001,014,3014,205.0
ES,03,03,003,122,3122,200.0
ES,03,03,004,090,3090,195.0
ES,03,03,005,119,3119,200.0
ES,03,03,006,050,3050,245.0
ES,03,04,001,065,3065,199.0
ES,03,04,005,059,3059,190.0
ES,03,04,006,662,3662,250.0
ES,03,04,007,612,3612,177.0
ES,03,04,008,615,3615,247.5
ES,03,05,002,076,3076,250.0
ES,03,05,003,133,3133,200.0
ES,03,05,004,099,3099,230.0
ES,03,05,009,902,3902,230.0
ES,03,05,010,903,3903,180.0
ES,03,05,015,111,3111,150.0
ES,03,05,016,005,3005,260.0
ES,03,07,002,009,3009,150.0
ES,03,07,003,079,3079,195.0
ES,03,08,002,140,3140,170.0
ES,03,09,001,093,3093,160.0
ES,03,09,002,066,3066,180.0
ES,03,09,003,104,3104,200.0
ES,04,01,002,053,4053,250.0
ES,04,04,001,079,4079,182.5
ES,04,04,002,902,4902,180.0
ES,04,04,004,102,4102,160.0
ES,04,04,011,038,4038,100.0
ES,04,05,001,099,4099,300.0
ES,04,06,002,069,4069,275.0
ES,04,10,001,013,4013,200.0
ES,04,10,002,052,4052,175.0
ES,05,01,001,016,5016,150.0
ES,05,02,001,019,5019,165.0
ES,05,03,001,057,5057,250.0
ES,05,03,001,906,5906,250.0
ES,05,04,001,014,5014,120.0
ES,05,04,002,182,5182,150.0
ES,05,05,001,257,5257,190.0
ES,06,01,002,015,6015,150.0
ES,06,02,002,083,6083,135.0
ES,06,02,003,025,6025,130.0
ES,06,03,001,044,6044,115.0
ES,06,03,002,153,6153,120.0
ES,06,04,001,019,6019,260.0
ES,06,06,002,011,6011,130.0
ES,07,01,001,040,7040,350.0
ES,07,01,003,020,7020,320.0
ES,07,01,004,006,7006,300.0
ES,07,01,006,031,7031,425.0
ES,07,01,007,036,7036,312.5
ES,07,01,008,011,7011,400.0
ES,07,01,009,628,7628,400.0
ES,07,01,013,027,7027,370.0
ES,07,01,014,016,7016,300.0
ES,07,01,014,017,7017,265.0
ES,07,01,014,047,7047,400.0
ES,07,01,016,061,7061,400.0
ES,07,01,018,010,7010,500.0
ES,07,01,019,013,7013,250.0
ES,07,01,021,022,7022,445.0
ES,07,01,022,003,7003,325.0
ES,07,01,024,055,7055,350.0
ES,07,01,026,044,7044,280.0
ES,07,01,029,056,7056,370.0
ES,07,01,030,012,7012,450.0
ES,07,01,030,058,7058,275.0
ES,07,01,031,039,7039,350.0
ES,07,02,001,050,7050,500.0
ES,07,02,002,054,7054,500.0
ES,07,02,003,046,7046,387.5
ES,07,02,003,645,7645,500.0
ES,07,02,004,026,7026,500.0
ES,07,02,005,048,7048,500.0
ES,07,03,001,032,7032,300.0
ES,07,03,002,002,7002,250.0
ES,07,03,003,037,7037,250.0
ES,07,03,004,015,7015,285.0
ES,07,03,006,052,7052,325.0
ES,07,04,001,024,7024,600.0
ES,08,01,001,035,8035,300.0
ES,08,01,002,006,8006,282.5
ES,08,01,003,121,8121,290.0
ES,08,01,004,219,8219,305.0
ES,08,01,005,118,8118,370.0
ES,08,01,006,003,8003,320.0
ES,08,01,007,197,8197,350.0
ES,08,01,008,110,8110,272.5
ES,08,01,009,172,8172,350.0
ES,08,01,010,007,8007,300.0
ES,08,01,011,284,8284,300.0
ES,08,01,012,126,8126,350.0
ES,08,01,013,230,8230,450.0
ES,08,01,014,214,8214,340.0
ES,08,01,015,009,8009,350.0
ES,08,01,015,029,8029,320.0
ES,08,01,016,040,8040,240.0
ES,08,01,017,163,8163,350.0
ES,08,01,018,155,8155,345.0
ES,08,01,020,264,8264,350.0
ES,08,01,021,261,8261,295.0
ES,08,01,022,281,8281,355.0
ES,08,01,023,282,8282,550.0
ES,08,01,025,235,8235,250.0
ES,08,01,026,193,8193,380.0
ES,08,01,026,203,8203,437.5
ES,08,02,001,015,8015,330.0
ES,08,02,002,245,8245,300.0
ES,08,02,003,194,8194,360.0
ES,08,02,005,101,8101,350.0
ES,08,03,001,221,8221,395.0
ES,08,03,002,211,8211,300.0
ES,08,03,003,073,8073,300.0
ES,08,03,004,169,8169,350.0
ES,08,03,005,056,8056,380.0
ES,08,03,006,244,8244,322.5
ES,08,03,007,301,8301,330.0
ES,08,03,009,089,8089,380.0
ES,08,03,010,200,8200,310.0
ES,08,03,011,123,8123,300.0
ES,08,03,012,020,8020,330.0
ES,08,03,013,077,8077,350.0
ES,08,03,014,217,8217,350.0
ES,08,03,015,289,8289,300.0
ES,08,04,001,270,8270,400.0
ES,08,04,002,307,8307,275.0
ES,08,04,003,231,8231,325.0
ES,08,04,004,148,8148,395.0
ES,08,04,005,074,8074,420.0
ES,08,05,001,088,8088,350.0
ES,08,05,002,096,8096,290.0
ES,08,05,003,124,8124,295.0
ES,08,05,005,202,8202,400.0
ES,08,05,006,107,8107,400.0
ES,08,05,006,108,8108,360.0
ES,08,05,007,181,8181,350.0
ES,08,05,008,033,8033,325.0
ES,08,05,009,042,8042,280.0
ES,08,05,010,023,8023,485.0
ES,08,05,011,086,8086,250.0
ES,08,05,012,135,8135,250.0
ES,08,05,013,210,8210,200.0
ES,08,05,015,041,8041,420.0
ES,08,05,016,159,8159,290.0
ES,08,05,018,209,8209,300.0
ES,08,05,022,207,8207,200.0
ES,08,05,022,259,8259,450.0
ES,08,05,023,294,8294,200.0
ES,08,05,024,248,8248,249.5
ES,08,06,001,180,8180,285.0
ES,08,06,002,266,8266,300.0
ES,08,06,003,205,8205,395.0
ES,08,06,004,184,8184,300.0
ES,08,06,005,054,8054,300.0
ES,08,06,007,279,8279,290.0
ES,08,06,009,187,8187,300.0
ES,08,06,010,238,8238,325.0
ES,08,06,011,260,8260,325.0
ES,08,06,013,252,8252,330.0
ES,08,06,014,125,8125,300.0
ES,08,06,015,156,8156,350.0
ES,08,06,016,120,8120,350.0
ES,08,06,017,051,8051,265.0
ES,08,07,001,305,8305,255.0
ES,08,07,002,240,8240,250.0
ES,08,07,003,145,8145,250.0
ES,08,07,004,091,8091,300.0
ES,08,08,001,298,8298,315.0
ES,08,08,004,265,8265,150.0
ES,08,08,006,067,8067,250.0
ES,08,08,006,269,8269,300.0
ES,08,09,001,113,8113,240.0
ES,08,09,003,098,8098,300.0
ES,08,09,004,038,8038,100.0
ES,08,09,004,192,8192,300.0
ES,08,09,004,229,8229,150.0
ES,08,09,007,242,8242,130.0
ES,08,10,001,161,8161,340.0
ES,08,10,002,102,8102,250.0
ES,08,10,003,185,8185,350.0
ES,08,11,003,022,8022,172.5
ES,08,12,001,158,8158,390.0
ES,08,12,001,905,8905,342.5
ES,08,12,002,295,8295,325.0
ES,08,12,003,196,8196,310.0
ES,08,12,004,114,8114,247.5
ES,08,12,006,076,8076,260.0
ES,08,12,007,147,8147,300.0
ES,08,12,009,208,8208,412.5
ES,08,12,010,072,8072,310.0
ES,08,12,011,068,8068,400.0
ES,08,13,001,019,8019,450.0
ES,09,01,001,059,9059,220.0
ES,09,01,004,434,9434,300.0
ES,09,01,004,439,9439,175.0
ES,09,01,005,177,9177,150.0
ES,09,03,001,018,9018,200.0
ES,09,06,004,209,9209,250.0
ES,09,08,001,219,9219,180.0
ES,10,01,002,148,10148,130.0
ES,10,03,001,131,10131,190.0
ES,10,05,002,037,10037,150.0
ES,10,07,001,155,10155,250.0
ES,10,07,001,189,10189,250.0
ES,11,01,001,012,11012,280.0
ES,11,01,002,027,11027,250.0
ES,11,01,003,031,11031,236.0
ES,11,01,004,028,11028,200.0
ES,11,01,005,015,11015,200.0
ES,11,02,002,014,11014,450.0
ES,11,02,004,613,11613,250.0
ES,11,03,001,022,11022,275.0
ES,11,03,002,004,11004,225.0
ES,11,03,003,035,11035,250.0
ES,11,03,004,008,11008,250.0
ES,11,03,005,033,11033,215.0
ES,11,03,006,500,11500,600.0
ES,11,04,002,020,11020,200.0
ES,11,05,001,030,11030,250.0
ES,11,05,002,032,11032,212.5
ES,11,06,004,038,11038,100.0
ES,12,01,001,027,12027,165.0
ES,12,02,002,085,12085,250.0
ES,12,02,004,040,12040,200.0
ES,12,02,005,009,12009,200.0
ES,12,02,006,607,12607,250.0
ES,12,03,003,084,12084,200.0
ES,12,06,003,005,12005,200.0
ES,13,01,001,071,13071,165.0
ES,13,01,002,034,13034,150.0
ES,13,01,003,013,13013,110.0
ES,13,01,007,056,13056,600.0
ES,13,02,001,096,13096,150.0
ES,13,02,002,053,13053,150.0
ES,13,02,003,005,13005,177.5
ES,13,02,003,047,13047,165.0
ES,13,02,004,082,13082,150.0
ES,13,02,008,087,13087,135.0
ES,13,03,001,033,13033,400.0
ES,13,05,001,011,13011,110.0
ES,14,02,002,030,14030,300.0
ES,14,02,002,049,14049,200.0
ES,14,03,001,021,14021,230.0
ES,14,05,003,042,14042,165.0
ES,14,06,001,038,14038,150.0
ES,14,06,002,013,14013,150.0
ES,14,07,001,009,14009,100.0
ES,14,07,001,052,14052,200.0
ES,15,02,001,036,15036,170.0
ES,15,02,005,054,15054,147.5
ES,15,03,001,069,15069,150.0
ES,15,05,001,046,15046,242.5
ES,15,07,001,078,15078,190.0
ES,15,07,002,082,15082,190.0
ES,15,09,001,073,15073,240.0
ES,15,09,002,011,15011,190.0
ES,15,14,003,019,15019,150.0
ES,15,15,001,030,15030,200.0
ES,15,15,002,058,15058,272.5
ES,15,15,003,005,15005,190.0
ES,15,15,004,075,15075,300.0
ES,15,15,005,017,15017,200.0
ES,15,15,006,031,15031,205.0
ES,16,02,001,203,16203,210.0
ES,16,02,002,167,16167,300.0
ES,16,02,003,130,16130,200.0
ES,16,03,001,133,16133,200.0
ES,16,03,001,238,16238,350.0
ES,16,03,001,249,16249,170.0
ES,16,07,001,904,16904,300.0
ES,16,07,002,078,16078,177.5
ES,17,01,004,066,17066,255.0
ES,17,01,008,075,17075,220.0
ES,17,01,013,140,17140,275.0
ES,17,01,014,031,17031,175.0
ES,17,01,015,210,17210,305.0
ES,17,02,002,118,17118,300.0
ES,17,02,004,181,17181,300.0
ES,17,02,005,048,17048,350.0
ES,17,02,007,199,17199,250.0
ES,17,02,009,195,17195,400.0
ES,17,02,009,211,17211,225.0
ES,17,02,011,034,17034,260.0
ES,17,03,002,180,17180,250.0
ES,17,03,003,095,17095,260.0
ES,17,03,004,023,17023,300.0
ES,17,03,006,033,17033,300.0
ES,17,03,007,213,17213,207.5
ES,17,03,008,103,17103,275.0
ES,17,03,009,148,17148,350.0
ES,17,03,009,193,17193,350.0
ES,17,03,011,007,17007,180.0
ES,17,03,012,083,17083,160.0
ES,17,03,012,101,17101,300.0
ES,17,04,001,208,17208,275.0
ES,17,04,002,114,17114,250.0
ES,17,04,003,183,17183,355.0
ES,17,05,001,015,17015,250.0
ES,17,06,001,044,17044,290.0
ES,17,06,001,089,17089,307.5
ES,17,06,002,079,17079,310.0
ES,17,06,003,040,17040,350.0
ES,17,06,004,025,17025,225.0
ES,17,06,004,166,17166,250.0
ES,17,06,004,169,17169,280.0
ES,17,06,006,155,17155,230.0
ES,17,06,007,020,17020,240.0
ES,17,06,007,150,17150,400.0
ES,18,01,001,140,18140,195.0
ES,18,01,003,017,18017,200.0
ES,18,03,002,023,18023,180.0
ES,18,04,002,089,18089,180.0
ES,18,05,001,087,18087,215.0
ES,18,05,004,193,18193,200.0
ES,18,05,008,057,18057,180.0
ES,18,05,009,145,18145,200.0
ES,18,05,010,905,18905,200.0
ES,18,05,011,021,18021,200.0
ES,18,05,013,134,18134,170.0
ES,18,05,015,153,18153,200.0
ES,18,05,016,127,18127,170.0
ES,18,05,020,059,18059,220.0
ES,18,05,025,068,18068,175.0
ES,18,07,001,119,18119,200.0
ES,18,08,001,098,18098,120.0
ES,19,03,001,046,19046,250.0
ES,19,03,002,058,19058,270.0
ES,19,03,002,601,19601,260.0
ES,19,03,003,130,19130,230.0
ES,19,03,004,117,19117,250.0
ES,19,03,006,192,19192,180.0
ES,19,03,008,024,19024,220.0
ES,19,03,008,105,19105,200.0
ES,19,03,008,319,19319,190.0
ES,19,03,009,126,19126,250.0
ES,19,03,010,071,19071,250.0
ES,19,03,011,293,19293,175.0
ES,19,03,012,326,19326,200.0
ES,20,01,001,069,20069,380.0
ES,20,01,002,040,20040,350.0
ES,20,01,002,072,20072,350.0
ES,20,01,002,903,20903,300.0
ES,20,01,003,053,20053,325.0
ES,20,01,003,064,20064,285.0
ES,20,01,004,067,20067,335.0
ES,20,01,005,073,20073,280.0
ES,20,01,005,902,20902,300.0
ES,20,03,003,076,20076,250.0
ES,20,04,001,034,20034,180.0
ES,20,04,001,055,20055,250.0
ES,20,04,002,074,20074,200.0
ES,20,05,002,901,20901,265.0
ES,20,05,003,030,20030,350.0
ES,20,05,003,065,20065,160.0
ES,20,06,001,079,20079,400.0
ES,20,06,002,081,20081,250.0
ES,20,07,001,045,20045,300.0
ES,21,01,002,041,21041,200.0
ES,21,01,003,060,21060,247.5
ES,21,01,004,042,21042,250.0
ES,21,01,007,010,21010,380.0
ES,21,01,012,607,21607,225.0
ES,21,01,014,005,21005,300.0
ES,21,03,001,056,21056,300.0
ES,21,03,004,070,21070,150.0
ES,21,04,001,007,21007,160.0
ES,22,01,001,125,22125,197.5
ES,22,01,002,222,22222,150.0
ES,22,02,001,130,22130,250.0
ES,22,03,001,602,22602,340.0
ES,22,03,003,199,22199,200.0
ES,22,04,003,117,22117,225.0
ES,22,04,007,229,22229,300.0
ES,22,05,001,158,22158,195.0
ES,22,07,001,048,22048,200.0
ES,23,01,001,005,23005,150.0
ES,23,02,001,055,23055,175.0
ES,23,05,001,058,23058,110.0
ES,23,07,001,050,23050,168.5
ES,23,08,001,009,23009,105.0
ES,23,08,002,092,23092,375.0
ES,24,01,001,089,24089,200.0
ES,24,01,002,142,24142,202.5
ES,24,01,004,222,24222,165.0
ES,24,01,005,189,24189,250.0
ES,24,02,001,139,24139,160.0
ES,24,03,004,188,24188,180.0
ES,24,05,001,115,24115,180.0
ES,25,01,001,140,25140,225.0
ES,25,01,001,203,25203,200.0
ES,25,02,001,234,25234,150.0
ES,25,06,001,072,25072,200.0
ES,25,07,001,120,25120,185.0
ES,25,07,004,228,25228,285.0
ES,25,09,002,217,25217,200.0
ES,25,10,001,059,25059,300.0
ES,25,10,002,636,25636,425.0
ES,25,11,001,173,25173,150.0
ES,26,01,001,089,26089,250.0
ES,26,01,002,084,26084,220.0
ES,26,01,003,168,26168,250.0
ES,26,01,007,135,26135,315.0
ES,26,02,001,071,26071,210.0
ES,26,02,003,138,26138,150.0
ES,26,02,004,009,26009,200.0
ES,26,03,002,018,26018,600.0
ES,26,03,003,011,26011,160.0
ES,27,01,003,028,27028,150.0
ES,27,02,001,065,27065,110.0
ES,27,03,003,066,27066,150.0
ES,27,03,004,902,27902,185.0
ES,27,03,006,005,27005,300.0
ES,27,04,001,057,27057,300.0
ES,27,05,001,016,27016,125.0
ES,28,01,001,903,28903,317.5
ES,28,01,002,006,28006,300.0
ES,28,01,003,134,28134,320.0
ES,28,01,004,082,28082,350.0
ES,28,01,004,144,28144,340.0
ES,28,01,005,059,28059,300.0
ES,28,01,005,162,28162,392.5
ES,28,01,007,502,28502,462.5
ES,28,01,008,503,28503,750.0
ES,28,01,009,045,28045,260.0
ES,28,01,010,129,28129,290.0
ES,28,01,012,009,28009,290.0
ES,28,01,013,041,28041,250.0
ES,28,01,014,053,28053,295.0
ES,28,01,015,002,28002,295.0
ES,28,01,016,104,28104,300.0
ES,28,01,017,030,28030,350.0
ES,28,01,017,094,28094,200.0
ES,28,01,018,151,28151,200.0
ES,28,01,019,108,28108,300.0
ES,28,01,020,067,28067,300.0
ES,28,01,021,505,28505,450.0
ES,28,01,021,508,28508,300.0
ES,28,01,022,145,28145,250.0
ES,28,01,022,164,28164,350.0
ES,28,02,001,181,28181,380.0
ES,28,02,002,022,28022,400.0
ES,28,02,003,115,28115,430.0
ES,28,02,004,080,28080,400.0
ES,28,02,005,127,28127,395.0
ES,28,02,006,152,28152,350.0
ES,28,02,007,061,28061,350.0
ES,28,02,008,047,28047,250.0
ES,28,02,009,131,28131,257.5
ES,28,02,010,010,28010,300.0
ES,28,02,010,068,28068,280.0
ES,28,02,011,038,28038,320.0
ES,28,02,012,044,28044,300.0
ES,28,02,013,072,28072,312.5
ES,28,02,014,018,28018,250.0
ES,28,02,014,046,28046,400.0
ES,28,02,015,090,28090,295.0
ES,28,02,016,177,28177,270.0
ES,28,02,017,160,28160,350.0
ES,28,02,018,023,28023,350.0
ES,28,02,019,054,28054,260.0
ES,28,02,020,176,28176,365.0
ES,28,03,004,119,28119,300.0
ES,28,03,005,026,28026,275.0
ES,28,03,006,141,28141,300.0
ES,28,03,007,096,28096,300.0
ES,28,03,008,133,28133,250.0
ES,28,03,009,178,28178,270.0
ES,28,04,001,092,28092,275.0
ES,28,04,002,007,28007,285.0
ES,28,04,003,074,28074,290.0
ES,28,04,004,065,28065,297.5
ES,28,04,005,113,28113,280.0
ES,28,04,006,058,28058,250.0
ES,28,04,007,106,28106,240.0
ES,28,04,008,073,28073,255.0
ES,28,04,009,161,28161,300.0
ES,28,04,010,040,28040,255.0
ES,28,04,011,015,28015,300.0
ES,28,04,012,050,28050,350.0
ES,28,04,012,066,28066,325.0
ES,28,04,013,149,28149,300.0
ES,28,04,014,140,28140,250.0
ES,28,05,001,123,28123,300.0
ES,28,05,002,014,28014,300.0
ES,28,05,003,132,28132,250.0
ES,28,05,004,013,28013,260.0
ES,28,05,005,035,28035,250.0
ES,28,05,006,043,28043,150.0
ES,28,05,008,633,28633,250.0
ES,28,05,009,157,28157,250.0
ES,28,05,011,033,28033,250.0
ES,28,06,001,130,28130,235.0
ES,28,06,002,005,28005,270.0
ES,28,06,003,012,28012,250.0
ES,28,06,003,172,28172,200.0
ES,28,06,003,676,28676,292.5
ES,28,06,004,083,28083,210.0
ES,28,06,005,148,28148,270.0
ES,28,06,006,049,28049,415.0
ES,28,06,007,084,28084,380.0
ES,28,06,007,167,28167,300.0
ES,28,07,001,079,28079,400.0
ES,29,01,003,075,29075,280.0
ES,29,01,005,094,29094,210.0
ES,29,01,006,082,29082,225.0
ES,29,01,007,620,29620,275.0
ES,29,01,009,618,29618,300.0
ES,29,02,001,067,29067,280.0
ES,29,03,001,023,29023,450.0
ES,29,03,002,076,29076,250.0
ES,29,03,003,069,29069,350.0
ES,29,04,008,007,29007,300.0
ES,29,05,002,084,29084,210.0
ES,29,06,001,015,29015,162.5
ES,29,06,003,055,29055,210.0
ES,29,06,004,017,29017,180.0
ES,29,07,001,051,29051,280.0
ES,29,07,002,041,29041,300.0
ES,29,07,003,068,29068,250.0
ES,29,08,001,901,29901,350.0
ES,29,08,002,025,29025,325.0
ES,29,08,003,054,29054,270.0
ES,29,08,004,070,29070,280.0
ES,30,01,001,035,30035,190.0
ES,30,01,003,036,30036,190.0
ES,30,02,001,016,30016,240.0
ES,30,03,001,026,30026,250.0
ES,30,03,002,008,30008,150.0
ES,30,04,003,033,30033,160.0
ES,30,05,001,030,30030,200.0
ES,30,05,007,005,30005,180.0
ES,30,09,001,027,30027,200.0
ES,30,09,003,007,30007,250.0
ES,30,11,002,019,30019,250.0
ES,30,12,001,022,30022,180.0
ES,30,12,002,043,30043,180.0
ES,31,01,001,201,31201,295.0
ES,31,01,002,016,31016,270.0
ES,31,01,002,131,31131,300.0
ES,31,01,002,193,31193,260.0
ES,31,01,002,902,31902,345.0
ES,31,01,003,601,31601,395.0
ES,31,01,003,901,31901,290.0
ES,31,01,004,086,31086,275.0
ES,31,01,005,602,31602,240.0
ES,31,01,006,088,31088,270.0
ES,31,01,007,109,31109,150.0
ES,31,01,008,907,31907,300.0
ES,31,01,009,060,31060,250.0
ES,31,01,009,258,31258,270.0
ES,31,01,010,122,31122,235.0
ES,31,02,001,132,31132,300.0
ES,31,04,001,232,31232,200.0
ES,31,04,003,176,31176,230.0
ES,31,05,001,097,31097,200.0
ES,31,05,006,012,31012,200.0
ES,31,07,001,227,31227,195.0
ES,31,08,001,107,31107,250.0
ES,32,01,001,054,32054,170.0
ES,32,01,002,075,32075,250.0
ES,33,01,001,034,33034,180.0
ES,33,02,001,004,33004,215.0
ES,33,02,004,603,33603,290.0
ES,33,03,001,024,33024,250.0
ES,33,03,003,014,33014,200.0
ES,33,04,001,036,33036,300.0
ES,33,05,001,031,33031,215.0
ES,33,07,001,044,33044,225.0
ES,33,07,002,066,33066,200.0
ES,33,08,001,011,33011,182.5
ES,33,08,001,073,33073,190.0
ES,34,01,001,120,34120,182.5
ES,34,01,003,225,34225,170.0
ES,34,03,001,004,34004,215.0
ES,34,03,003,080,34080,200.0
ES,35,01,001,016,35016,297.5
ES,35,01,002,026,35026,300.0
ES,35,01,004,021,35021,350.0
ES,35,01,005,006,35006,170.0
ES,35,01,006,012,35012,320.0
ES,35,01,008,019,35019,250.0
ES,35,01,009,022,35022,250.0
ES,35,01,011,023,35023,275.0
ES,35,01,015,009,35009,200.0
ES,35,02,001,017,35017,200.0
ES,35,02,002,003,35003,350.0
ES,35,02,003,015,35015,400.0
ES,35,02,004,014,35014,375.0
ES,35,03,002,034,35034,350.0
ES,35,03,003,004,35004,300.0
ES,35,03,005,018,35018,450.0
ES,35,03,006,010,35010,300.0
ES,36,01,001,057,36057,220.0
ES,36,01,004,039,36039,145.0
ES,36,02,001,050,36050,185.0
ES,36,03,001,023,36023,175.0
ES,36,03,004,055,36055,162.0
ES,36,04,001,060,36060,250.0
ES,36,04,003,006,36006,185.0
ES,36,06,001,041,36041,180.0
ES,36,06,001,607,36607,190.0
ES,36,06,002,038,36038,200.0
ES,36,06,003,614,36614,136.0
ES,36,07,001,008,36008,215.0
ES,36,07,002,004,36004,200.0
ES,36,08,001,024,36024,150.0
ES,37,01,001,191,37191,350.0
ES,37,01,001,376,37376,200.0
ES,37,03,001,046,37046,150.0
ES,37,05,001,346,37346,190.0
ES,37,06,002,274,37274,220.0
ES,37,06,003,023,37023,200.0
ES,37,06,006,092,37092,150.0
ES,37,06,007,294,37294,250.0
ES,37,06,009,008,37008,175.0
ES,38,01,001,038,38038,250.0
ES,38,01,003,001,38001,390.0
ES,38,01,005,006,38006,300.0
ES,38,01,007,010,38010,120.0
ES,38,01,009,041,38041,350.0
ES,38,01,010,023,38023,250.0
ES,38,01,013,017,38017,325.0
ES,38,01,014,035,38035,420.0
ES,38,01,021,032,38032,325.0
ES,38,01,022,026,38026,285.0
ES,38,01,023,043,38043,220.0
ES,39,01,001,055,39055,220.0
ES,39,03,001,012,39012,250.0
ES,39,04,001,087,39087,275.0
ES,39,06,001,075,39075,250.0
ES,39,06,002,016,39016,230.0
ES,39,06,004,617,39617,262.5
ES,39,06,004,628,39628,275.0
ES,39,06,005,008,39008,185.0
ES,39,07,012,028,39028,250.0
ES,39,10,001,020,39020,300.0
ES,39,10,002,035,39035,225.0
ES,39,10,003,023,39023,200.0
ES,40,01,001,063,40063,202.5
ES,40,02,001,194,40194,200.0
ES,40,02,011,604,40604,150.0
ES,40,02,012,043,40043,460.0
ES,41,02,001,093,41093,300.0
ES,41,02,002,059,41059,275.0
ES,41,02,004,047,41047,180.0
ES,41,02,005,040,41040,382.5
ES,41,02,006,021,41021,250.0
ES,41,02,009,015,41015,300.0
ES,41,02,009,016,41016,250.0
ES,41,02,010,017,41017,250.0
ES,41,02,011,086,41086,215.0
ES,41,02,012,044,41044,212.5
ES,41,02,012,070,41070,250.0
ES,41,02,013,028,41028,300.0
ES,41,02,015,029,41029,200.0
ES,41,03,001,095,41095,175.0
ES,41,03,002,024,41024,250.0
ES,41,03,003,039,41039,125.0
ES,41,03,006,065,41065,150.0
ES,41,03,009,063,41063,220.0
ES,41,05,001,004,41004,255.0
ES,41,05,002,038,41038,250.0
ES,41,05,004,604,41604,200.0
ES,41,06,001,053,41053,150.0
ES,41,07,001,005,41005,450.0
ES,41,07,003,019,41019,200.0
ES,41,08,001,091,41091,300.0
ES,42,01,001,173,42173,198.0
ES,42,01,002,095,42095,212.5
ES,42,01,003,094,42094,155.0
ES,42,03,001,043,42043,175.0
ES,43,01,001,037,43037,297.5
ES,43,01,002,163,43163,260.0
ES,43,01,004,051,43051,350.0
ES,43,02,002,148,43148,270.0
ES,43,02,003,905,43905,300.0
ES,43,02,004,622,43622,180.0
ES,43,02,007,131,43131,300.0
ES,43,02,009,166,43166,240.0
ES,43,02,010,171,43171,275.0
ES,43,02,010,620,43620,200.0
ES,43,02,011,047,43047,235.0
ES,43,02,012,103,43103,250.0
ES,43,02,013,624,43624,190.0
ES,43,03,001,038,43038,250.0
ES,43,03,002,092,43092,150.0
ES,43,03,003,178,43178,180.0
ES,43,03,004,123,43123,250.0
ES,43,03,006,042,43042,250.0
ES,43,03,006,145,43145,200.0
ES,43,04,002,155,43155,200.0
ES,43,05,002,063,43063,250.0
ES,43,05,003,014,43014,250.0
ES,43,06,004,119,43119,250.0
ES,43,07,002,172,43172,400.0
ES,43,08,001,055,43055,250.0
ES,43,08,001,112,43112,180.0
ES,44,01,001,216,44216,140.0
ES,45,01,001,605,45605,200.0
ES,45,02,001,165,45165,160.0
ES,45,03,001,049,45049,130.0
ES,45,04,001,173,45173,190.0
ES,45,04,006,040,45040,250.0
ES,45,04,009,015,45015,250.0
ES,45,05,001,176,45176,290.0
ES,45,05,002,081,45081,240.0
ES,45,05,003,161,45161,250.0
ES,45,05,006,019,45019,180.0
ES,45,05,007,205,45205,260.0
ES,45,05,008,041,45041,140.0
ES,45,05,008,606,45606,250.0
ES,45,05,012,056,45056,150.0
ES,45,05,013,199,45199,250.0
ES,45,05,018,085,45085,550.0
ES,45,05,019,203,45203,210.0
ES,45,06,001,168,45168,200.0
ES,45,07,001,121,45121,250.0
ES,45,07,002,156,45156,200.0
ES,46,01,004,617,46617,200.0
ES,46,02,002,250,46250,270.0
ES,46,02,003,502,46502,195.0
ES,46,02,004,624,46624,210.0
ES,46,02,005,512,46512,160.0
ES,46,04,001,238,46238,250.0
ES,46,04,002,131,46131,190.0
ES,46,04,004,181,46181,165.0
ES,46,05,001,202,46202,280.0
ES,46,05,003,070,46070,300.0
ES,46,05,006,116,46116,275.0
ES,46,05,008,051,46051,140.0
ES,46,05,011,610,46610,200.0
ES,46,06,001,109,46109,160.0
ES,46,07,001,029,46029,150.0
ES,46,07,003,017,46017,190.0
ES,46,07,004,172,46172,200.0
ES,46,07,007,176,46176,200.0
ES,46,08,001,145,46145,140.0
ES,46,08,003,081,46081,200.0
ES,46,09,003,184,46184,130.0
ES,46,12,001,213,46213,225.0
ES,46,15,003,025,46025,170.0
ES,46,15,003,171,46171,170.0
ES,46,15,004,013,46013,225.0
ES,46,15,005,078,46078,200.0
ES,46,15,006,135,46135,225.0
ES,46,15,008,009,46009,180.0
ES,46,15,008,126,46126,200.0
ES,46,15,008,166,46166,255.0
ES,46,15,009,032,46032,200.0
ES,46,15,009,237,46237,200.0
ES,46,15,010,163,46163,250.0
ES,46,15,012,207,46207,400.0
ES,46,15,013,204,46204,200.0
ES,46,16,001,190,46190,215.0
ES,46,16,002,021,46021,130.0
ES,46,16,003,169,46169,237.5
ES,46,16,004,244,46244,215.0
ES,46,16,005,159,46159,200.0
ES,46,16,006,110,46110,270.0
ES,46,16,007,005,46005,155.0
ES,46,16,008,102,46102,200.0
ES,46,16,009,193,46193,280.0
ES,46,17,002,094,46094,200.0
ES,46,17,003,194,46194,160.0
ES,46,17,008,054,46054,250.0
ES,46,17,009,186,46186,220.0
ES,47,01,001,186,47186,200.0
ES,47,01,005,175,47175,250.0
ES,47,01,007,076,47076,200.0
ES,47,01,008,007,47007,200.0
ES,47,01,012,231,47231,150.0
ES,47,03,003,085,47085,350.0
ES,48,01,001,020,48020,350.0
ES,48,01,003,605,48605,325.0
ES,48,01,003,902,48902,370.0
ES,48,01,004,011,48011,245.0
ES,48,01,004,912,48912,275.0
ES,48,01,005,044,48044,375.0
ES,48,01,006,054,48054,325.0
ES,48,01,007,013,48013,300.5
ES,48,01,008,084,48084,250.0
ES,48,01,009,082,48082,300.0
ES,48,01,010,078,48078,350.0
ES,48,01,011,015,48015,252.5
ES,48,01,012,036,48036,270.0
ES,48,01,015,901,48901,300.0
ES,48,01,015,903,48903,250.0
ES,48,01,016,071,48071,312.5
ES,48,01,018,080,48080,320.0
ES,48,02,001,043,48043,350.0
ES,48,02,002,085,48085,300.0
ES,48,02,004,089,48089,340.0
ES,48,02,005,038,48038,310.0
ES,48,02,005,064,48064,300.0
ES,48,02,005,069,48069,300.0
ES,48,03,001,017,48017,250.0
ES,48,03,003,046,48046,200.0
ES,48,04,001,915,48915,250.0
ES,48,05,001,003,48003,300.0
ES,48,05,002,027,48027,240.0
ES,48,05,003,032,48032,250.0
ES,48,05,004,095,48095,315.0
ES,48,06,001,065,48065,230.0
ES,48,06,004,025,48025,220.0
ES,48,06,004,075,48075,212.5
ES,48,07,002,090,48090,300.0
ES,49,01,001,275,49275,150.0
ES,49,02,001,219,49219,150.0
ES,50,02,001,165,50165,250.0
ES,50,08,001,095,50095,170.0
ES,50,08,001,252,50252,100.0
ES,50,14,003,008,50008,300.0
ES,50,17,001,297,50297,250.0
ES,50,17,002,272,50272,225.0
ES,50,17,003,089,50089,232.5
ES,50,17,003,131,50131,230.0
ES,50,17,004,219,50219,205.0
ES,50,17,005,235,50235,250.0
ES,50,17,005,288,50288,300.0
ES,51,01,001,001,51001,290.0
ES,52,01,001,001,52001,300.0
